path	body_lines	body_sha256	header	frozen	not_consumed	not_normative	ledger	result
docs/BLUEPRINT_ENTERPRISE.md	722	33a97e18948bff51	ok	ok	ok	ok	ok	HISTORICAL_RECORD
docs/DB_AUDIT_2026-07-05.md	93	8b90a91f834ba796	ok	ok	ok	ok	ok	HISTORICAL_RECORD
docs/ENTERPRISE_BLUEPRINT_FINAL_2026-07-09.md	1896	97bbe23998ce8c29	ok	ok	ok	ok	ok	HISTORICAL_RECORD
docs/FORM_DATABASE_ALIGNMENT_AUDIT.md	971	d9409b0104eac1f5	ok	ok	ok	ok	ok	HISTORICAL_RECORD
docs/STAGE_4_CANONICAL_BASELINE_157_80.md	192	fcb2f3e91d7d04cc	ok	ok	ok	ok	ok	HISTORICAL_RECORD
docs/TECHNICAL_SPECIFICATION_CURRENT_SYSTEM_STATE.md	645	f07bd93fd3dbc80d	ok	ok	ok	ok	ok	HISTORICAL_RECORD
docs/backend-v2/00-repository-state.md	167	23466aeb9a6f55e4	ok	ok	ok	ok	ok	HISTORICAL_RECORD
docs/backend-v2/01-working-tree-audit.md	89	aefcfe53b57abd7e	ok	ok	ok	ok	ok	HISTORICAL_RECORD
docs/backend-v2/02-frontend-dirty-audit.md	86	4fcc13f56adef6a7	ok	ok	ok	ok	ok	HISTORICAL_RECORD
docs/backend-v2/03-frontend-data-access-surface.md	281	0f40eb26d6fd8032	ok	ok	ok	ok	ok	HISTORICAL_RECORD
docs/backend-v2/04-http-client-architecture.md	473	7ba8bcd965dec6df	ok	ok	ok	ok	ok	HISTORICAL_RECORD
docs/backend-v2/05-http-endpoint-inventory.md	616	433f351642e33e09	ok	ok	ok	ok	ok	HISTORICAL_RECORD
docs/backend-v2/06-http-request-contracts.md	616	5cea478ba5a65bfc	ok	ok	ok	ok	ok	HISTORICAL_RECORD
docs/backend-v2/07-http-request-unknowns-resolution.md	319	f6a9002475345f89	ok	ok	ok	ok	ok	HISTORICAL_RECORD
docs/backend-v2/08-http-request-final-resolution.md	166	0750b896cf63fcaf	ok	ok	ok	ok	ok	HISTORICAL_RECORD
docs/backend-v2/09-http-response-contracts.md	564	ef9aef29e00ef8a9	ok	ok	ok	ok	ok	HISTORICAL_RECORD
docs/backend-v2/10-http-response-unknowns-resolution.md	273	345cb1ef2127d255	ok	ok	ok	ok	ok	HISTORICAL_RECORD
docs/backend-v2/11-http-response-final-resolution.md	223	5bc5781d63d93c16	ok	ok	ok	ok	ok	HISTORICAL_RECORD
docs/backend-v2/12-http-list-query-contracts.md	617	a76eaa90f2d43657	ok	ok	ok	ok	ok	HISTORICAL_RECORD
docs/backend-v2/13-http-error-contracts.md	289	f063e8690af393ce	ok	ok	ok	ok	ok	HISTORICAL_RECORD
docs/backend-v2/14-http-error-final-resolution.md	61	72f8bc539467396b	ok	ok	ok	ok	ok	HISTORICAL_RECORD
docs/backend-v2/15-frontend-auth-permission-contracts.md	444	baa3072c459fbb5c	ok	ok	ok	ok	ok	HISTORICAL_RECORD
docs/backend-v2/16-permission-final-resolution.md	160	a1dbeb19beb2da94	ok	ok	ok	ok	ok	HISTORICAL_RECORD
docs/backend-v2/17-supabase-direct-access-audit.md	72	0a0ba1434cbf44f4	ok	ok	ok	ok	ok	HISTORICAL_RECORD
docs/backend-v2/18-local-storage-audit.md	532	eb852e10a7bb390a	ok	ok	ok	ok	ok	HISTORICAL_RECORD
docs/backend-v2/19-backend-required-storage-map.md	367	544f4191a2ec2c08	ok	ok	ok	ok	ok	HISTORICAL_RECORD
docs/backend-v2/20-storage-cases-legacy-check.md	209	4c768b4198ef75cd	ok	ok	ok	ok	ok	HISTORICAL_RECORD
docs/backend-v2/21-storage-required-functional-contracts.md	520	db59c45e627e940f	ok	ok	ok	ok	ok	HISTORICAL_RECORD
docs/backend-v2/22-storage-functional-unknowns-resolution.md	251	d2f582d20b10388b	ok	ok	ok	ok	ok	HISTORICAL_RECORD
docs/backend-v2/23-storage-contract-final-conflicts.md	195	e53cadae7537024f	ok	ok	ok	ok	ok	HISTORICAL_RECORD
docs/backend-v2/24-required-functional-decisions.md	178	f18ebc7fc09c6f8d	ok	ok	ok	ok	ok	HISTORICAL_RECORD
docs/backend-v2/25-distributor-integration-decision.md	101	9139eb803675a6e4	ok	ok	ok	ok	ok	HISTORICAL_RECORD
docs/backend-v2/26-music-chat-scope-decision.md	78	5270f1e62be985f8	ok	ok	ok	ok	ok	HISTORICAL_RECORD
docs/backend-v2/27-runtime-mock-audit.md	267	f4868422206dede7	ok	ok	ok	ok	ok	HISTORICAL_RECORD
docs/backend-v2/28-runtime-mock-final-resolution.md	260	912c6ba541c7d556	ok	ok	ok	ok	ok	HISTORICAL_RECORD
docs/backend-v2/29-memory-usage-audit.md	270	431e904e5b8f77ce	ok	ok	ok	ok	ok	HISTORICAL_RECORD
docs/backend-v2/30-external-service-audit.md	319	00688b041f426603	ok	ok	ok	ok	ok	HISTORICAL_RECORD
docs/backend-v2/31-external-service-final-resolution.md	155	009da10493f462a6	ok	ok	ok	ok	ok	HISTORICAL_RECORD
docs/backend-v2/32-pending-tables-audit.md	312	152af26a0467eeec	ok	ok	ok	ok	ok	HISTORICAL_RECORD
docs/backend-v2/33-realtime-event-contracts.md	522	9f893865d170589f	ok	ok	ok	ok	ok	HISTORICAL_RECORD
docs/backend-v2/34-canonical-frontend-contract.md	500	45e54a59b6983d64	ok	ok	ok	ok	ok	HISTORICAL_RECORD
docs/backend-v2/35-canonical-contract-incomplete-resolution.md	126	fab0fe0348ca871b	ok	ok	ok	ok	ok	HISTORICAL_RECORD
docs/backend-v2/36-canonical-contract-conflict-resolution.md	91	b08f67f98241a0de	ok	ok	ok	ok	ok	HISTORICAL_RECORD
docs/backend-v2/37-canonical-frontend-contract-final.md	159	de09779ba46515d2	ok	ok	ok	ok	ok	HISTORICAL_RECORD
docs/backend-v2/38-domain-inventory.md	928	bb5b13e324ccf002	ok	ok	ok	ok	ok	HISTORICAL_RECORD
docs/backend-v2/39-domain-dependency-map.md	251	9ff849659dddd8d7	ok	ok	ok	ok	ok	HISTORICAL_RECORD
docs/backend-v2/40-domain-dependency-final-resolution.md	154	ff4b9de0ac5e2af4	ok	ok	ok	ok	ok	HISTORICAL_RECORD
docs/backend-v2/41-domain-implementation-order.md	396	7bf206ae6d6c5a6c	ok	ok	ok	ok	ok	HISTORICAL_RECORD
docs/backend-v2/42-api-v2-technical-constraints.md	408	031e2c181f961a36	ok	ok	ok	ok	ok	HISTORICAL_RECORD
docs/backend-v2/43-api-v2-http-framework-decision.md	226	27ab8f9879ca1b7e	ok	ok	ok	ok	ok	HISTORICAL_RECORD
docs/backend-v2/44-api-v2-http-framework-final-resolution.md	104	d9a994c3904e054c	ok	ok	ok	ok	ok	HISTORICAL_RECORD
docs/backend-v2/45-api-v2-database-access-decision.md	299	f68956b52baeb17e	ok	ok	ok	ok	ok	HISTORICAL_RECORD
docs/backend-v2/46-database-v2-migration-strategy.md	218	7422767cad713b20	ok	ok	ok	ok	ok	HISTORICAL_RECORD
docs/backend-v2/47-api-v2-layered-architecture.md	385	55fd9f0e4f8deaa6	ok	ok	ok	ok	ok	HISTORICAL_RECORD
docs/backend-v2/48-api-v2-directory-structure.md	350	3213d8835f6f88ac	ok	ok	ok	ok	ok	HISTORICAL_RECORD
docs/backend-v2/49-auth-tenant-request-context.md	361	e34f07dd92ca1385	ok	ok	ok	ok	ok	HISTORICAL_RECORD
docs/backend-v2/50-api-v2-error-model.md	366	85d897b03db8c16d	ok	ok	ok	ok	ok	HISTORICAL_RECORD
docs/backend-v2/51-api-v2-transaction-strategy.md	358	0b79850d6f5fac57	ok	ok	ok	ok	ok	HISTORICAL_RECORD
docs/backend-v2/52-api-v2-observability-strategy.md	415	e46a13aea258533b	ok	ok	ok	ok	ok	HISTORICAL_RECORD
docs/backend-v2/53-api-v2-configuration-secrets-strategy.md	416	ef92bc3051ff402c	ok	ok	ok	ok	ok	HISTORICAL_RECORD
docs/backend-v2/54-current-project-stack-audit.md	751	9bb5f6f75b2fe8e6	ok	ok	ok	ok	ok	HISTORICAL_RECORD
docs/backend-v2/55-exact-current-stack-inventory.md	966	6015f34703993534	ok	ok	ok	ok	ok	HISTORICAL_RECORD
docs/backend-v2/56-unresolved-stack-versions-resolution.md	255	dabae5b2cfa1540a	ok	ok	ok	ok	ok	HISTORICAL_RECORD
docs/backend-v2/57-current-stack-final.md	282	a524cf6e834174a2	ok	ok	ok	ok	ok	HISTORICAL_RECORD
docs/backend-v2/58-api-v2-database-stack-final-decision.md	283	455bd365a7a3a235	ok	ok	ok	ok	ok	HISTORICAL_RECORD
docs/backend-v2/59-api-v2-nestjs-version-final-decision.md	218	247775289d7f69ee	ok	ok	ok	ok	ok	HISTORICAL_RECORD
docs/backend-v2/60-api-v2-node-version-final-decision.md	218	99a103ae27d4c418	ok	ok	ok	ok	ok	HISTORICAL_RECORD
docs/backend-v2/61-api-v2-deployment-model-final-decision.md	291	6d31323b94816b17	ok	ok	ok	ok	ok	HISTORICAL_RECORD
docs/backend-v2/62-business-behavior-preservation-rules.md	321	4289ee42609cc28b	ok	ok	ok	ok	ok	HISTORICAL_RECORD
docs/backend-v2/63-api-v2-typescript-final-decision.md	311	b2f2a4fe321ed299	ok	ok	ok	ok	ok	HISTORICAL_RECORD
docs/backend-v2/64-api-v2-validation-stack-final-decision.md	340	3e338f0423128573	ok	ok	ok	ok	ok	HISTORICAL_RECORD
docs/backend-v2/65-api-v2-drizzle-postgres-versions-final.md	288	05c059f2014c96a8	ok	ok	ok	ok	ok	HISTORICAL_RECORD
docs/backend-v2/66-api-v2-auth-jwt-stack-final-decision.md	384	20206fdf1e6e50cf	ok	ok	ok	ok	ok	HISTORICAL_RECORD
docs/backend-v2/67-api-v2-async-processing-stack-final-decision.md	395	536df7b563227e0f	ok	ok	ok	ok	ok	HISTORICAL_RECORD
docs/backend-v2/68-api-v2-observability-stack-final-decision.md	364	bcd49f29d11b9206	ok	ok	ok	ok	ok	HISTORICAL_RECORD
docs/backend-v2/69-api-v2-testing-quality-gates-final-decision.md	384	2506b12f680b70bb	ok	ok	ok	ok	ok	HISTORICAL_RECORD
docs/backend-v2/70-api-v2-http-security-stack-final-decision.md	461	a35240c8eb5823a6	ok	ok	ok	ok	ok	HISTORICAL_RECORD
docs/backend-v2/71-environment-file-naming-final-decision.md	253	c6d7ffe5ae43cbe6	ok	ok	ok	ok	ok	HISTORICAL_RECORD
docs/backend-v2/72-api-v2-final-stack-and-readiness.md	306	e0228445e5c66677	ok	ok	ok	ok	ok	HISTORICAL_RECORD
docs/backend-v2/73-api-v2-database-namespace-final-decision.md	212	4dbd9a0ec5f7f994	ok	ok	ok	ok	ok	HISTORICAL_RECORD
docs/backend-v2/74-zero-gap-reconstruction-contract.md	423	ebe6c7afd2dc93b9	ok	ok	ok	ok	ok	HISTORICAL_RECORD
docs/backend-v2/75-supabase-auth-url-smtp-configuration.md	311	7ecbf6e1d48dd625	ok	ok	ok	ok	ok	HISTORICAL_RECORD
docs/backend-v2/76-encryption-secret-exposure-resolution.md	278	25b0575199bf72e7	ok	ok	ok	ok	ok	HISTORICAL_RECORD
docs/backend-v2/77-docusign-private-key-exposure-resolution.md	341	c954aa08d0059684	ok	ok	ok	ok	ok	HISTORICAL_RECORD
docs/backend-v2/78-current-database-complete-inventory.md	318	cdbb7ec487a68326	ok	ok	ok	ok	ok	HISTORICAL_RECORD
docs/backend-v2/79-database-unknown-classifications-resolution.md	367	596de84dde6ad87c	ok	ok	ok	ok	ok	HISTORICAL_RECORD
docs/backend-v2/80-code-database-crosscheck-final-resolution.md	210	78186df6cbc64555	ok	ok	ok	ok	ok	HISTORICAL_RECORD
docs/backend-v2/81-field-level-zero-gap-traceability.md	142	f1d3df5e1fd80aaf	ok	ok	ok	ok	ok	HISTORICAL_RECORD
docs/backend-v2/database-inventory/code-vs-live.md	49	bf6257f5fe97f8f1	ok	ok	ok	ok	ok	HISTORICAL_RECORD
docs/backend-v2/database-inventory/enums-views.md	188	44b7af454545d651	ok	ok	ok	ok	ok	HISTORICAL_RECORD
docs/backend-v2/database-inventory/frontend-cross-check.md	102	135d9061809fc610	ok	ok	ok	ok	ok	HISTORICAL_RECORD
docs/backend-v2/database-inventory/functions-triggers.md	67	8a273f2a8f266356	ok	ok	ok	ok	ok	HISTORICAL_RECORD
docs/backend-v2/database-inventory/realtime-auth-storage.md	160	734cb23bb01d52f3	ok	ok	ok	ok	ok	HISTORICAL_RECORD
docs/backend-v2/database-inventory/rls.md	252	6fd76fb26d6dba29	ok	ok	ok	ok	ok	HISTORICAL_RECORD
docs/backend-v2/database-inventory/schemas.md	24	a6a161704227800f	ok	ok	ok	ok	ok	HISTORICAL_RECORD
docs/backend-v2/database-inventory/semantic-patterns.md	857	8f56e5a10df02232	ok	ok	ok	ok	ok	HISTORICAL_RECORD
docs/backend-v2/database-inventory/tables-columns.md	3382	fe38017fd2adee4b	ok	ok	ok	ok	ok	HISTORICAL_RECORD
docs/backend-v2/field-traceability/PROGRESS.md	1198	9548946c27cc4678	ok	ok	ok	ok	ok	HISTORICAL_RECORD
docs/backend-v2/field-traceability/modules/accounting.md	254	e559c1acad938127	ok	ok	ok	ok	ok	HISTORICAL_RECORD
docs/backend-v2/field-traceability/modules/admin.md	215	662c3b3adcb14713	ok	ok	ok	ok	ok	HISTORICAL_RECORD
docs/backend-v2/field-traceability/modules/leads.md	900	1800df141aa5d14a	ok	ok	ok	ok	ok	HISTORICAL_RECORD
docs/backend-v2/field-traceability/modules/licensing.md	852	c829c64d89097a14	ok	ok	ok	ok	ok	HISTORICAL_RECORD
docs/backend-v2/field-traceability/modules/marketing.md	794	0ed7ecce5a350981	ok	ok	ok	ok	ok	HISTORICAL_RECORD
docs/backend-v2/field-traceability/modules/monitoring.md	537	95ca1bb184372970	ok	ok	ok	ok	ok	HISTORICAL_RECORD
docs/backend-v2/field-traceability/modules/musicchat.md	318	10a3eab7d7925e5a	ok	ok	ok	ok	ok	HISTORICAL_RECORD
docs/backend-v2/field-traceability/modules/projects.md	509	b0b6a1b4cf2fc82d	ok	ok	ok	ok	ok	HISTORICAL_RECORD
docs/backend-v2/field-traceability/modules/releases.md	532	1c79cc83aba31d0e	ok	ok	ok	ok	ok	HISTORICAL_RECORD
docs/backend-v2/field-traceability/modules/reports.md	548	dd48e0bb5c29d3ba	ok	ok	ok	ok	ok	HISTORICAL_RECORD
docs/backend-v2/field-traceability/modules/settings.md	423	59078b79be91d8b5	ok	ok	ok	ok	ok	HISTORICAL_RECORD
docs/backend-v2/field-traceability/modules/support.md	600	701441db46382833	ok	ok	ok	ok	ok	HISTORICAL_RECORD
docs/backend-v2/field-traceability/modules/workspace.md	688	175fa02bfc7bce45	ok	ok	ok	ok	ok	HISTORICAL_RECORD
docs/backend-v2/gap-resolution/00-canonical-gap-register.md	1518	6ce304435f821187	ok	ok	ok	ok	ok	HISTORICAL_RECORD
docs/backend-v2/review/00-master-domain-functional-verification.md	3058	be68870d20b7bd51	ok	ok	ok	ok	ok	HISTORICAL_RECORD
reports/CLEANUP_REPORT.md	442	7ab57235029d5a14	ok	ok	ok	ok	ok	HISTORICAL_RECORD
reports/phase3-architecture.md	45	9f52db9b6acc7cf7	ok	ok	ok	ok	ok	HISTORICAL_RECORD
