TASK	WORKFLOW	PHASE	AGENT	SKILLS	IMPLEMENTER	REVIEWER	TESTER	GATE	EVIDENCE	STATUS
census	naming-normalization	census	naming-analyzer	naming-analysis,repository-census	specialist	none	-	-	evid-4cd8051a	COMPLETED
classify	naming-normalization	classify	naming-analyzer	naming-analysis,duplication-analysis,dead-code-analysis	specialist	none	-	-	evid-4129fb10,evid-c21baa55,evid-488df408,evid-f044b542,evid-2655bb55,evid-a1e2a02c,evid-6dd1dc3e,evid-6c0f9460,evid-90b02f6d,evid-4f7966e7,evid-62158e0f	COMPLETED
canonical-model	naming-normalization	canonical-model	naming-reviewer	canonical-naming	specialist	none	-	-	evid-15efc678	COMPLETED
schema-plan	naming-normalization	schema-plan	migration-planner	migration-audit,destructive-change-check	specialist	none	-	-	evid-ed522b3f,evid-7e8cb642,evid-1e989842,evid-68d120d8,evid-856073d5,evid-5467f479	COMPLETED
destructive-approval	naming-normalization	destructive-approval	human-approval-agent	evaluate-human-approval,request-human-approval	specialist	none	-	-		WAITING_APPROVAL
propagate	naming-normalization	propagate	implementation-engineer	safe-refactor,schema-normalization	specialist	none	-	incremental	evid-accfb061,evid-bdfe38bc,evid-020e8049,evid-b9ec999a,evid-7379e0f6,evid-c6821f1b,evid-2cf1b1f9,evid-79b01a2d,evid-ed4c11d7,evid-377f7d65,evid-fa0c763f,evid-52f91b3f,evid-a5a016cd	COMPLETED
compatibility	naming-normalization	compatibility	qa-engineer	create-contract-tests,create-regression-tests	specialist	none	command evidence	-	evid-c2b94c2d,evid-574aea0e,evid-657fe67e	COMPLETED
verify	naming-normalization	verify	migration-test-engineer	create-migration-tests,run-unit-tests,run-typecheck	specialist	none	-	global		RUNNING
residue	naming-normalization	residue	dead-code-detector	residue-search,orphan-analysis	specialist	secrets-reviewer(r16-secrets); requirements-reviewer(r17-requirements); frontend-security-reviewer(r18-frontend-security); frontend-consistency-reviewer(r19-frontend-consistency)	-	-		PENDING
review	naming-normalization	review	security-reviewer	security-audit,diff-review,blast-radius-analysis	specialist	none	-	-		PENDING
closure	naming-normalization	closure	git-auditor	definition-of-done	specialist	none	-	completion		PENDING
r14-mutation	naming-normalization	compatibility	mutation-test-reviewer	create-regression-tests	n/a (review task)	-	-	-	evid-0f762c61	COMPLETED
r16-secrets	naming-normalization	review	secrets-reviewer	secret-scan	n/a (review task)	-	-	-		PENDING
r17-requirements	naming-normalization	review	requirements-reviewer	plan	n/a (review task)	-	-	-		PENDING
r18-frontend-security	naming-normalization	review	frontend-security-reviewer	xss-audit	n/a (review task)	-	-	-		PENDING
r19-frontend-consistency	naming-normalization	review	frontend-consistency-reviewer	naming-analysis	n/a (review task)	-	-	-		PENDING
completion-gate	naming-normalization	completion-gate	completion-controller	definition-of-done	specialist	none	-	completion		PENDING
r14-mutation-recovery-1	naming-normalization	r14-mutation-recovery-1	root-cause-investigator	root-cause-analysis	n/a (review task)	mutation-test-reviewer(r14-mutation)	command evidence	-	evid-8f9b8a3c	COMPLETED
